<?xml version="1.0" encoding="UTF-8" standalone="yes"?>
<addon id="Filmes.Series.BR" name="Filmes e Series BR online" version="1.0" provider-name="MistorGamex">
    <extension point="xbmc.addon.repository" name="Nome Repository">
        <dir>
            <info compressed="false">https://raw.githubusercontent.com/HACKS-EXE/Filmes-Series-BR/master/zips/addons.xml</info>
            <checksum>https://raw.githubusercontent.com/HACKS-EXE/Filmes-Series-BR/master/zips/addons.xml.md5</checksum>
            <datadir zip="true">https://raw.githubusercontent.com/HACKS-EXE/Filmes-Series-BR/master/zips/</datadir>
        </dir>
    </extension>
    <extension point="xbmc.addon.metadata">
        <summary>Filmes e Series BR online</summary>
        <description>Addons BR Online</description>
        <disclaimer></disclaimer>
        <platform>all</platform>
        <assets>
            <icon>icon.png</icon>
            <fanart>fanart.jpg</fanart>
        </assets>
    </extension>
</addon>