<?xml version="2.0" encoding="UTF-8" standalone="yes"?>
<addon id="Filmes.Series.BR" name="Filmes e Séries BR online" version="2.0" provider-name="Zaquiles"> 
    <requires>
        <import addon="xbmc.python" version="3.0.0"/>
        <import addon="script.module.requests"/>
        <import addon="script.module.simplejson"/>
        <import addon="script.module.kodi-six" />
    </requires>  
    <extension point="xbmc.python.pluginsource" library="default.py">
        <provides>video</provides>
    </extension>

    <extension point="xbmc.addon.repository" name="Repositório Exemplo">
        <dir>
            <info compressed="false">https://raw.githubusercontent.com/HACKS-EXE/Filmes-Series-BR/master/zips/addons.xml</info>
            <checksum>https://raw.githubusercontent.com/HACKS-EXE/Filmes-Series-BR/master/zips/addons.xml.md5</checksum>
            <datadir zip="true">https://raw.githubusercontent.com/HACKS-EXE/Filmes-Series-BR/master/zips/</datadir>
        </dir>
    </extension>

    <extension point="xbmc.addon.metadata">
        <summary lang="pt-br">Um projeto Addon Beta</summary>
        <description lang="pt-br">Sem isso não funciona os Filmes e Séries</description>
        <disclaimer lang="pt-br">Entre no nosso discord https://discord.io/-MistorGamex </disclaimer>
        <news>Versão 2.0</news>
        <platform>all</platform>
        <assets>
            <icon>Zaquiles.gif</icon>
            <fanart>Zaquiles.gif</fanart>
            <screenshot>Zaquiles.gif</screenshot>
            <screenshot>Zaquiles.gif</screenshot>
            <screenshot>Zaquiles.gif</screenshot>
        </assets>
    </extension>
</addon>