<?xml version="2.0" encoding="UTF-8" standalone="yes"?>
<addon id="lapsflpaasfga.Addon" name="Filmes e Séries BR online" version="2.0" provider-name="Zaquiles"> 
<requires>
    <import addon="xbmc.python" version="3.0.0"/>
    <import addon="script.module.requests"/>
    <import addon="script.module.simplejson"/>
	<import addon="script.module.kodi-six" />
</requires>  
<extension point="xbmc.python.pluginsource" library="default.py">
	<provides>video</provides>
</extension>

<extension point="xbmc.addon.repository" name="Repositório Exemplo">
	<info compressed="false"></info>
	<checksum></checksum>
    <datadir zip="true"></datadir>
</extension>

<extension point="xbmc.addon.metadata">
    <summary lang="pt-br">Um projeto Addon Beta</summary>
    <description lang="pt-br">Sem isso não Funciona os Filmes e Séries</description>
     <disclaimer lang="pt-br">Entre no nosso discord https://discord.io/-MistorGamex </disclaimer>
	 	<news>Versão 2.0</news>
	<platform>all</platform>
    <assets>
	<icon>Zaquiles.gif</icon>
    <fanart>Zaquiles.gif</fanart>
    <screenshot>resources/screenshots/Zaquiles.gif</screenshot>
    <screenshot>resources/screenshots/Zaquiles.gif</screenshot>
    <screenshot>resources/screenshots/Zaquiles.gif</screenshot>

    </assets>
</extension>
</addon>




