<?xml version="1.0" encoding="UTF-8" standalone="yes"?>
<addon id="lapsflpaasfga.Addon" name="lapsflpaasfga f" version="1.0" provider-name="MistorGamex"> 
<requires>
    <import addon="xbmc.python" version="3.0.0"/>
    <import addon="script.module.requests"/>
    <import addon="script.module.simplejson"/>
	<import addon="script.module.kodi-six" />
</requires>  
<extension point="xbmc.python.pluginsource" library="default.py">
	<provides>video</provides>
</extension>

<extension point="xbmc.addon.repository" name="Repositório Exemplo">
	<info compressed="false"></info>
	<checksum></checksum>
    <datadir zip="true"></datadir>
</extension>

<extension point="xbmc.addon.metadata">
    <summary lang="pt-br">Um projeto Addon Beta</summary>
    <description lang="pt-br">Sem isso não Funciona os Filmes e Séries</description>
     <disclaimer lang="pt-br">Entre no nosso discord https://discord.io/-MistorGamex </disclaimer>
	 	<news>Primeira versão 1.0</news>
	<platform>all</platform>
    <assets>
	<icon>icon.png</icon>
    <fanart>fanart.png</fanart>
    <screenshot>resources/screenshots/1.jpg</screenshot>
    <screenshot>resources/screenshots/2.jpg</screenshot>
    <screenshot>resources/screenshots/3.jpg</screenshot>

    </assets>
</extension>
</addon>




